[
  {
    "name": "mc10:MOVING_AVG_GAIT_CADENCE",
    "description": "",
    "type": "sdp:dq/dimension/validity",
    "version": "1",
    "expressions": {
      "nodes": [
        {
          "functionalExpression": {
            "id": "3TeuDVekL10r.Np0Imle",
            "name": "mc10:MOVING_AVG_GAIT_CADENCE",
            "expression": "{\"quantity.unit\":\"in:ucum:{steps}/min\"}",
            "evaluator": "sdp:format-expression/evaluator/validatorjs",
            "type": "sdp:functional-expression/type/filter",
            "language": "sdp:functional-expression/language/node",
            "returnType": "sdp:functional-expression/language/node/boolean",
            "target": "Observation",
            "version": "1"
          }
        },
        {
          "functionalExpression": {
            "id": "3TeuDVekUn0r.Np0Imle",
            "name": "mc10:MOVING_AVG_GAIT_CADENCE",
            "expression": "{\"quantity.amount\":\"numeric|min:80|max:140\"}",
            "evaluator": "sdp:format-expression/evaluator/validatorjs",
            "type": "sdp:functional-expression/type/filter",
            "language": "sdp:functional-expression/language/node",
            "returnType": "sdp:functional-expression/language/node/boolean",
            "target": "Observation",
            "version": "1"
          }
        }
      ]
    },
    "tags": {
      "nodes": [
        {
          "concept": "sdp:observation/type",
          "value": {
            "name": "mc10:MOVING_AVG_GAIT_CADENCE"
          }
        }
      ]
    }
  },
  {
    "name": "mc10:MOVING_AVG_HR",
    "description": "",
    "type": "sdp:dq/dimension/validity",
    "version": "1",
    "expressions": {
      "nodes": [
        {
          "functionalExpression": {
            "id": "3TeuDVekdZ0r.Np0Imle",
            "name": "mc10:MOVING_AVG_HR",
            "expression": "{\"quantity.unit\":\"in:ucum:{beats}/min\"}",
            "evaluator": "sdp:format-expression/evaluator/validatorjs",
            "type": "sdp:functional-expression/type/filter",
            "language": "sdp:functional-expression/language/node",
            "returnType": "sdp:functional-expression/language/node/boolean",
            "target": "Observation",
            "version": "1"
          }
        },
        {
          "functionalExpression": {
            "id": "3TeuDVekdZ4r.Np0Imle",
            "name": "mc10:MOVING_AVG_HR",
            "expression": "{\"quantity.amount\":\"numeric|min:80|max:140\"}",
            "evaluator": "sdp:format-expression/evaluator/validatorjs",
            "type": "sdp:functional-expression/type/filter",
            "language": "sdp:functional-expression/language/node",
            "returnType": "sdp:functional-expression/language/node/boolean",
            "target": "Observation",
            "version": "1"
          }
        }
      ]
    },
    "tags": {
      "nodes": [
        {
          "concept": "sdp:observation/type",
          "value": {
            "name": "mc10:MOVING_AVG_HR"
          }
        }
      ]
    }
  },
  {
    "name": "mc10:MOVING_AVG_HRV",
    "description": "",
    "type": "sdp:dq/dimension/validity",
    "version": "1",
    "expressions": {
      "nodes": [
        {
          "functionalExpression": {
            "id": "3TeuDVeknK0r.Np0Imle",
            "name": "mc10:MOVING_AVG_HRV",
            "expression": "{\"quantity.unit\":\"in:ucum:ms\"}",
            "evaluator": "sdp:format-expression/evaluator/validatorjs",
            "type": "sdp:functional-expression/type/filter",
            "language": "sdp:functional-expression/language/node",
            "returnType": "sdp:functional-expression/language/node/boolean",
            "target": "Observation",
            "version": "1"
          }
        },
        {
          "functionalExpression": {
            "id": "3TeuDVeknK4r.Np0Imle",
            "name": "mc10:MOVING_AVG_HRV",
            "expression": "{\"quantity.amount\":\"numeric|min:50|max:80\"}",
            "evaluator": "sdp:format-expression/evaluator/validatorjs",
            "type": "sdp:functional-expression/type/filter",
            "language": "sdp:functional-expression/language/node",
            "returnType": "sdp:functional-expression/language/node/boolean",
            "target": "Observation",
            "version": "1"
          }
        }
      ]
    },
    "tags": {
      "nodes": [
        {
          "concept": "sdp:observation/type",
          "value": {
            "name": "mc10:MOVING_AVG_HRV"
          }
        }
      ]
    }
  },
  {
    "name": "mc10:MOVING_AVG_HRV_RMSSD",
    "description": "",
    "type": "sdp:dq/dimension/validity",
    "version": "1",
    "expressions": {
      "nodes": [
        {
          "functionalExpression": {
            "id": "3TeuDVekx50r.Np0Imle",
            "name": "mc10:MOVING_AVG_HRV_RMSSD",
            "expression": "{\"quantity.unit\":\"in:ucum:ms\"}",
            "evaluator": "sdp:format-expression/evaluator/validatorjs",
            "type": "sdp:functional-expression/type/filter",
            "language": "sdp:functional-expression/language/node",
            "returnType": "sdp:functional-expression/language/node/boolean",
            "target": "Observation",
            "version": "1"
          }
        },
        {
          "functionalExpression": {
            "id": "3TeuDVekx54r.Np0Imle",
            "name": "mc10:MOVING_AVG_HRV_RMSSD",
            "expression": "{\"quantity.amount\":\"numeric\"}",
            "evaluator": "sdp:format-expression/evaluator/validatorjs",
            "type": "sdp:functional-expression/type/filter",
            "language": "sdp:functional-expression/language/node",
            "returnType": "sdp:functional-expression/language/node/boolean",
            "target": "Observation",
            "version": "1"
          }
        }
      ]
    },
    "tags": {
      "nodes": [
        {
          "concept": "sdp:observation/type",
          "value": {
            "name": "mc10:MOVING_AVG_HRV_RMSSD"
          }
        }
      ]
    }
  },
  {
    "name": "mc10:MOVING_COMBINED_ACT_COUNT",
    "description": "",
    "type": "sdp:dq/dimension/validity",
    "version": "1",
    "expressions": {
      "nodes": [
        {
          "functionalExpression": {
            "id": "3TeuDVel5r0r.Np0Imle",
            "name": "mc10:MOVING_COMBINED_ACT_COUNT",
            "expression": "{\"quantity.unit\":\"in:ucum:{count}\"}",
            "evaluator": "sdp:format-expression/evaluator/validatorjs",
            "type": "sdp:functional-expression/type/filter",
            "language": "sdp:functional-expression/language/node",
            "returnType": "sdp:functional-expression/language/node/boolean",
            "target": "Observation",
            "version": "1"
          }
        },
        {
          "functionalExpression": {
            "id": "3TeuDVel5r4r.Np0Imle",
            "name": "mc10:MOVING_COMBINED_ACT_COUNT",
            "expression": "{\"quantity.amount\":\"numeric\"}",
            "evaluator": "sdp:format-expression/evaluator/validatorjs",
            "type": "sdp:functional-expression/type/filter",
            "language": "sdp:functional-expression/language/node",
            "returnType": "sdp:functional-expression/language/node/boolean",
            "target": "Observation",
            "version": "1"
          }
        }
      ]
    },
    "tags": {
      "nodes": [
        {
          "concept": "sdp:observation/type",
          "value": {
            "name": "mc10:MOVING_COMBINED_ACT_COUNT"
          }
        }
      ]
    }
  },
  {
    "name": "mc10:MOVING_DURATION",
    "description": "",
    "type": "sdp:dq/dimension/validity",
    "version": "1",
    "expressions": {
      "nodes": [
        {
          "functionalExpression": {
            "id": "3TeuDVel5r8r.Np0Imle",
            "name": "mc10:MOVING_DURATION",
            "expression": "{\"quantity.unit\":\"in:ucum:s\"}",
            "evaluator": "sdp:format-expression/evaluator/validatorjs",
            "type": "sdp:functional-expression/type/filter",
            "language": "sdp:functional-expression/language/node",
            "returnType": "sdp:functional-expression/language/node/boolean",
            "target": "Observation",
            "version": "1"
          }
        },
        {
          "functionalExpression": {
            "id": "3TeuDVel5rCr.Np0Imle",
            "name": "mc10:MOVING_DURATION",
            "expression": "{\"quantity.amount\":\"numeric\"}",
            "evaluator": "sdp:format-expression/evaluator/validatorjs",
            "type": "sdp:functional-expression/type/filter",
            "language": "sdp:functional-expression/language/node",
            "returnType": "sdp:functional-expression/language/node/boolean",
            "target": "Observation",
            "version": "1"
          }
        }
      ]
    },
    "tags": {
      "nodes": [
        {
          "concept": "sdp:observation/type",
          "value": {
            "name": "mc10:MOVING_DURATION"
          }
        }
      ]
    }
  },
  {
    "name": "mc10:MOVING_MAX_HR",
    "description": "",
    "type": "sdp:dq/dimension/validity",
    "version": "1",
    "expressions": {
      "nodes": [
        {
          "functionalExpression": {
            "id": "3TeuDVelFc0r.Np0Imle",
            "name": "mc10:MOVING_MAX_HR",
            "expression": "{\"quantity.unit\":\"in:ucum:{beats}/min\"}",
            "evaluator": "sdp:format-expression/evaluator/validatorjs",
            "type": "sdp:functional-expression/type/filter",
            "language": "sdp:functional-expression/language/node",
            "returnType": "sdp:functional-expression/language/node/boolean",
            "target": "Observation",
            "version": "1"
          }
        },
        {
          "functionalExpression": {
            "id": "3TeuDVelFc4r.Np0Imle",
            "name": "mc10:MOVING_MAX_HR",
            "expression": "{\"quantity.amount\":\"numeric|min:80|max:140\"}",
            "evaluator": "sdp:format-expression/evaluator/validatorjs",
            "type": "sdp:functional-expression/type/filter",
            "language": "sdp:functional-expression/language/node",
            "returnType": "sdp:functional-expression/language/node/boolean",
            "target": "Observation",
            "version": "1"
          }
        }
      ]
    },
    "tags": {
      "nodes": [
        {
          "concept": "sdp:observation/type",
          "value": {
            "name": "mc10:MOVING_MAX_HR"
          }
        }
      ]
    }
  },
  {
    "name": "mc10:MOVING_MAX_HRV",
    "description": "",
    "type": "sdp:dq/dimension/validity",
    "version": "1",
    "expressions": {
      "nodes": [
        {
          "functionalExpression": {
            "id": "3TeuDVelPO0r.Np0Imle",
            "name": "mc10:MOVING_MAX_HRV",
            "expression": "{\"quantity.unit\":\"in:ucum:ms\"}",
            "evaluator": "sdp:format-expression/evaluator/validatorjs",
            "type": "sdp:functional-expression/type/filter",
            "language": "sdp:functional-expression/language/node",
            "returnType": "sdp:functional-expression/language/node/boolean",
            "target": "Observation",
            "version": "1"
          }
        },
        {
          "functionalExpression": {
            "id": "3TeuDVelPO4r.Np0Imle",
            "name": "mc10:MOVING_MAX_HRV",
            "expression": "{\"quantity.amount\":\"numeric|max:95\"}",
            "evaluator": "sdp:format-expression/evaluator/validatorjs",
            "type": "sdp:functional-expression/type/filter",
            "language": "sdp:functional-expression/language/node",
            "returnType": "sdp:functional-expression/language/node/boolean",
            "target": "Observation",
            "version": "1"
          }
        }
      ]
    },
    "tags": {
      "nodes": [
        {
          "concept": "sdp:observation/type",
          "value": {
            "name": "mc10:MOVING_MAX_HRV"
          }
        }
      ]
    }
  },
  {
    "name": "mc10:MOVING_MAX_HRV_RMSSD",
    "description": "",
    "type": "sdp:dq/dimension/validity",
    "version": "1",
    "expressions": {
      "nodes": [
        {
          "functionalExpression": {
            "id": "3TeuDVelPO8r.Np0Imle",
            "name": "mc10:MOVING_MAX_HRV_RMSSD",
            "expression": "{\"quantity.unit\":\"in:ucum:ms\"}",
            "evaluator": "sdp:format-expression/evaluator/validatorjs",
            "type": "sdp:functional-expression/type/filter",
            "language": "sdp:functional-expression/language/node",
            "returnType": "sdp:functional-expression/language/node/boolean",
            "target": "Observation",
            "version": "1"
          }
        },
        {
          "functionalExpression": {
            "id": "3TeuDVelPOCr.Np0Imle",
            "name": "mc10:MOVING_MAX_HRV_RMSSD",
            "expression": "{\"quantity.amount\":\"numeric\"}",
            "evaluator": "sdp:format-expression/evaluator/validatorjs",
            "type": "sdp:functional-expression/type/filter",
            "language": "sdp:functional-expression/language/node",
            "returnType": "sdp:functional-expression/language/node/boolean",
            "target": "Observation",
            "version": "1"
          }
        }
      ]
    },
    "tags": {
      "nodes": [
        {
          "concept": "sdp:observation/type",
          "value": {
            "name": "mc10:MOVING_MAX_HRV_RMSSD"
          }
        }
      ]
    }
  },
  {
    "name": "mc10:MOVING_MIN_HR",
    "description": "",
    "type": "sdp:dq/dimension/validity",
    "version": "1",
    "expressions": {
      "nodes": [
        {
          "functionalExpression": {
            "id": "3TeuDVelZ90r.Np0Imle",
            "name": "mc10:MOVING_MIN_HR",
            "expression": "{\"quantity.unit\":\"in:ucum:{beats}/min\"}",
            "evaluator": "sdp:format-expression/evaluator/validatorjs",
            "type": "sdp:functional-expression/type/filter",
            "language": "sdp:functional-expression/language/node",
            "returnType": "sdp:functional-expression/language/node/boolean",
            "target": "Observation",
            "version": "1"
          }
        },
        {
          "functionalExpression": {
            "id": "3TeuDVelZ94r.Np0Imle",
            "name": "mc10:MOVING_MIN_HR",
            "expression": "{\"quantity.amount\":\"numeric|min:80|max:140\"}",
            "evaluator": "sdp:format-expression/evaluator/validatorjs",
            "type": "sdp:functional-expression/type/filter",
            "language": "sdp:functional-expression/language/node",
            "returnType": "sdp:functional-expression/language/node/boolean",
            "target": "Observation",
            "version": "1"
          }
        }
      ]
    },
    "tags": {
      "nodes": [
        {
          "concept": "sdp:observation/type",
          "value": {
            "name": "mc10:MOVING_MIN_HR"
          }
        }
      ]
    }
  },
  {
    "name": "mc10:MOVING_MIN_HRV",
    "description": "",
    "type": "sdp:dq/dimension/validity",
    "version": "1",
    "expressions": {
      "nodes": [
        {
          "functionalExpression": {
            "id": "3TeuDVelhv0r.Np0Imle",
            "name": "mc10:MOVING_MIN_HRV",
            "expression": "{\"quantity.unit\":\"in:ucum:ms\"}",
            "evaluator": "sdp:format-expression/evaluator/validatorjs",
            "type": "sdp:functional-expression/type/filter",
            "language": "sdp:functional-expression/language/node",
            "returnType": "sdp:functional-expression/language/node/boolean",
            "target": "Observation",
            "version": "1"
          }
        },
        {
          "functionalExpression": {
            "id": "3TeuDVelhv4r.Np0Imle",
            "name": "mc10:MOVING_MIN_HRV",
            "expression": "{\"quantity.amount\":\"numeric|min:15\"}",
            "evaluator": "sdp:format-expression/evaluator/validatorjs",
            "type": "sdp:functional-expression/type/filter",
            "language": "sdp:functional-expression/language/node",
            "returnType": "sdp:functional-expression/language/node/boolean",
            "target": "Observation",
            "version": "1"
          }
        }
      ]
    },
    "tags": {
      "nodes": [
        {
          "concept": "sdp:observation/type",
          "value": {
            "name": "mc10:MOVING_MIN_HRV"
          }
        }
      ]
    }
  },
  {
    "name": "mc10:MOVING_MIN_HRV_RMSSD",
    "description": "",
    "type": "sdp:dq/dimension/validity",
    "version": "1",
    "expressions": {
      "nodes": [
        {
          "functionalExpression": {
            "id": "3TeuDVelhv8r.Np0Imle",
            "name": "mc10:MOVING_MIN_HRV_RMSSD",
            "expression": "{\"quantity.unit\":\"in:ucum:ms\"}",
            "evaluator": "sdp:format-expression/evaluator/validatorjs",
            "type": "sdp:functional-expression/type/filter",
            "language": "sdp:functional-expression/language/node",
            "returnType": "sdp:functional-expression/language/node/boolean",
            "target": "Observation",
            "version": "1"
          }
        },
        {
          "functionalExpression": {
            "id": "3TeuDVelrg0r.Np0Imle",
            "name": "mc10:MOVING_MIN_HRV_RMSSD",
            "expression": "{\"quantity.amount\":\"numeric\"}",
            "evaluator": "sdp:format-expression/evaluator/validatorjs",
            "type": "sdp:functional-expression/type/filter",
            "language": "sdp:functional-expression/language/node",
            "returnType": "sdp:functional-expression/language/node/boolean",
            "target": "Observation",
            "version": "1"
          }
        }
      ]
    },
    "tags": {
      "nodes": [
        {
          "concept": "sdp:observation/type",
          "value": {
            "name": "mc10:MOVING_MIN_HRV_RMSSD"
          }
        }
      ]
    }
  },
  {
    "name": "mc10:MOVING_OTHER_DURATION",
    "description": "",
    "type": "sdp:dq/dimension/validity",
    "version": "1",
    "expressions": {
      "nodes": [
        {
          "functionalExpression": {
            "id": "3TeuDVem0S0r.Np0Imle",
            "name": "mc10:MOVING_OTHER_DURATION",
            "expression": "{\"quantity.unit\":\"in:ucum:s\"}",
            "evaluator": "sdp:format-expression/evaluator/validatorjs",
            "type": "sdp:functional-expression/type/filter",
            "language": "sdp:functional-expression/language/node",
            "returnType": "sdp:functional-expression/language/node/boolean",
            "target": "Observation",
            "version": "1"
          }
        },
        {
          "functionalExpression": {
            "id": "3TeuDVem0S4r.Np0Imle",
            "name": "mc10:MOVING_OTHER_DURATION",
            "expression": "{\"quantity.amount\":\"numeric\"}",
            "evaluator": "sdp:format-expression/evaluator/validatorjs",
            "type": "sdp:functional-expression/type/filter",
            "language": "sdp:functional-expression/language/node",
            "returnType": "sdp:functional-expression/language/node/boolean",
            "target": "Observation",
            "version": "1"
          }
        }
      ]
    },
    "tags": {
      "nodes": [
        {
          "concept": "sdp:observation/type",
          "value": {
            "name": "mc10:MOVING_OTHER_DURATION"
          }
        }
      ]
    }
  },
  {
    "name": "mc10:MOVING_STEPS",
    "description": "",
    "type": "sdp:dq/dimension/validity",
    "version": "1",
    "expressions": {
      "nodes": [
        {
          "functionalExpression": {
            "id": "3TeuDVem0S8r.Np0Imle",
            "name": "mc10:MOVING_STEPS",
            "expression": "{\"quantity.unit\":\"in:ucum:{count}\"}",
            "evaluator": "sdp:format-expression/evaluator/validatorjs",
            "type": "sdp:functional-expression/type/filter",
            "language": "sdp:functional-expression/language/node",
            "returnType": "sdp:functional-expression/language/node/boolean",
            "target": "Observation",
            "version": "1"
          }
        },
        {
          "functionalExpression": {
            "id": "3TeuDVemAD0r.Np0Imle",
            "name": "mc10:MOVING_STEPS",
            "expression": "{\"quantity.amount\":\"numeric\"}",
            "evaluator": "sdp:format-expression/evaluator/validatorjs",
            "type": "sdp:functional-expression/type/filter",
            "language": "sdp:functional-expression/language/node",
            "returnType": "sdp:functional-expression/language/node/boolean",
            "target": "Observation",
            "version": "1"
          }
        }
      ]
    },
    "tags": {
      "nodes": [
        {
          "concept": "sdp:observation/type",
          "value": {
            "name": "mc10:MOVING_STEPS"
          }
        }
      ]
    }
  },
  {
    "name": "mc10:MOVING_WALKING_DURATION",
    "description": "",
    "type": "sdp:dq/dimension/validity",
    "version": "1",
    "expressions": {
      "nodes": [
        {
          "functionalExpression": {
            "id": "3TeuDVemAD4r.Np0Imle",
            "name": "mc10:MOVING_WALKING_DURATION",
            "expression": "{\"quantity.unit\":\"in:ucum:s\"}",
            "evaluator": "sdp:format-expression/evaluator/validatorjs",
            "type": "sdp:functional-expression/type/filter",
            "language": "sdp:functional-expression/language/node",
            "returnType": "sdp:functional-expression/language/node/boolean",
            "target": "Observation",
            "version": "1"
          }
        },
        {
          "functionalExpression": {
            "id": "3TeuDVemAD8r.Np0Imle",
            "name": "mc10:MOVING_WALKING_DURATION",
            "expression": "{\"quantity.amount\":\"numeric\"}",
            "evaluator": "sdp:format-expression/evaluator/validatorjs",
            "type": "sdp:functional-expression/type/filter",
            "language": "sdp:functional-expression/language/node",
            "returnType": "sdp:functional-expression/language/node/boolean",
            "target": "Observation",
            "version": "1"
          }
        }
      ]
    },
    "tags": {
      "nodes": [
        {
          "concept": "sdp:observation/type",
          "value": {
            "name": "mc10:MOVING_WALKING_DURATION"
          }
        }
      ]
    }
  },
  {
    "name": "mc10:RESTING_AVG_HR",
    "description": "",
    "type": "sdp:dq/dimension/validity",
    "version": "1",
    "expressions": {
      "nodes": [
        {
          "functionalExpression": {
            "id": "3TeuDVemJz0r.Np0Imle",
            "name": "mc10:RESTING_AVG_HR",
            "expression": "{\"quantity.unit\":\"in:ucum:{beats}/min\"}",
            "evaluator": "sdp:format-expression/evaluator/validatorjs",
            "type": "sdp:functional-expression/type/filter",
            "language": "sdp:functional-expression/language/node",
            "returnType": "sdp:functional-expression/language/node/boolean",
            "target": "Observation",
            "version": "1"
          }
        },
        {
          "functionalExpression": {
            "id": "3TeuDVemJz4r.Np0Imle",
            "name": "mc10:RESTING_AVG_HR",
            "expression": "{\"quantity.amount\":\"numeric|min:60|max:100\"}",
            "evaluator": "sdp:format-expression/evaluator/validatorjs",
            "type": "sdp:functional-expression/type/filter",
            "language": "sdp:functional-expression/language/node",
            "returnType": "sdp:functional-expression/language/node/boolean",
            "target": "Observation",
            "version": "1"
          }
        }
      ]
    },
    "tags": {
      "nodes": [
        {
          "concept": "sdp:observation/type",
          "value": {
            "name": "mc10:RESTING_AVG_HR"
          }
        }
      ]
    }
  },
  {
    "name": "mc10:RESTING_AVG_HRV",
    "description": "",
    "type": "sdp:dq/dimension/validity",
    "version": "1",
    "expressions": {
      "nodes": [
        {
          "functionalExpression": {
            "id": "3TeuDVemTk0r.Np0Imle",
            "name": "mc10:RESTING_AVG_HRV",
            "expression": "{\"quantity.unit\":\"in:ucum:ms\"}",
            "evaluator": "sdp:format-expression/evaluator/validatorjs",
            "type": "sdp:functional-expression/type/filter",
            "language": "sdp:functional-expression/language/node",
            "returnType": "sdp:functional-expression/language/node/boolean",
            "target": "Observation",
            "version": "1"
          }
        },
        {
          "functionalExpression": {
            "id": "3TeuDVemTk4r.Np0Imle",
            "name": "mc10:RESTING_AVG_HRV",
            "expression": "{\"quantity.amount\":\"numeric\"}",
            "evaluator": "sdp:format-expression/evaluator/validatorjs",
            "type": "sdp:functional-expression/type/filter",
            "language": "sdp:functional-expression/language/node",
            "returnType": "sdp:functional-expression/language/node/boolean",
            "target": "Observation",
            "version": "1"
          }
        }
      ]
    },
    "tags": {
      "nodes": [
        {
          "concept": "sdp:observation/type",
          "value": {
            "name": "mc10:RESTING_AVG_HRV"
          }
        }
      ]
    }
  },
  {
    "name": "mc10:RESTING_AVG_HRV_RMSSD",
    "description": "",
    "type": "sdp:dq/dimension/validity",
    "version": "1",
    "expressions": {
      "nodes": [
        {
          "functionalExpression": {
            "id": "3TeuDVemTk8r.Np0Imle",
            "name": "mc10:RESTING_AVG_HRV_RMSSD",
            "expression": "{\"quantity.unit\":\"in:ucum:ms\"}",
            "evaluator": "sdp:format-expression/evaluator/validatorjs",
            "type": "sdp:functional-expression/type/filter",
            "language": "sdp:functional-expression/language/node",
            "returnType": "sdp:functional-expression/language/node/boolean",
            "target": "Observation",
            "version": "1"
          }
        },
        {
          "functionalExpression": {
            "id": "3TeuDVemTkCr.Np0Imle",
            "name": "mc10:RESTING_AVG_HRV_RMSSD",
            "expression": "{\"quantity.amount\":\"numeric\"}",
            "evaluator": "sdp:format-expression/evaluator/validatorjs",
            "type": "sdp:functional-expression/type/filter",
            "language": "sdp:functional-expression/language/node",
            "returnType": "sdp:functional-expression/language/node/boolean",
            "target": "Observation",
            "version": "1"
          }
        }
      ]
    },
    "tags": {
      "nodes": [
        {
          "concept": "sdp:observation/type",
          "value": {
            "name": "mc10:RESTING_AVG_HRV_RMSSD"
          }
        }
      ]
    }
  },
  {
    "name": "mc10:RESTING_COMBINED_ACT_COUNT",
    "description": "",
    "type": "sdp:dq/dimension/validity",
    "version": "1",
    "expressions": {
      "nodes": [
        {
          "functionalExpression": {
            "id": "3TeuDVemTkGr.Np0Imle",
            "name": "mc10:RESTING_COMBINED_ACT_COUNT",
            "expression": "{\"quantity.unit\":\"in:ucum:{count}\"}",
            "evaluator": "sdp:format-expression/evaluator/validatorjs",
            "type": "sdp:functional-expression/type/filter",
            "language": "sdp:functional-expression/language/node",
            "returnType": "sdp:functional-expression/language/node/boolean",
            "target": "Observation",
            "version": "1"
          }
        },
        {
          "functionalExpression": {
            "id": "3TeuDVemTkKr.Np0Imle",
            "name": "mc10:RESTING_COMBINED_ACT_COUNT",
            "expression": "{\"quantity.amount\":\"numeric\"}",
            "evaluator": "sdp:format-expression/evaluator/validatorjs",
            "type": "sdp:functional-expression/type/filter",
            "language": "sdp:functional-expression/language/node",
            "returnType": "sdp:functional-expression/language/node/boolean",
            "target": "Observation",
            "version": "1"
          }
        }
      ]
    },
    "tags": {
      "nodes": [
        {
          "concept": "sdp:observation/type",
          "value": {
            "name": "mc10:RESTING_COMBINED_ACT_COUNT"
          }
        }
      ]
    }
  },
  {
    "name": "mc10:RESTING_DURATION",
    "description": "",
    "type": "sdp:dq/dimension/validity",
    "version": "1",
    "expressions": {
      "nodes": [
        {
          "functionalExpression": {
            "id": "3TeuDVemTkOr.Np0Imle",
            "name": "mc10:RESTING_DURATION",
            "expression": "{\"quantity.unit\":\"in:ucum:s\"}",
            "evaluator": "sdp:format-expression/evaluator/validatorjs",
            "type": "sdp:functional-expression/type/filter",
            "language": "sdp:functional-expression/language/node",
            "returnType": "sdp:functional-expression/language/node/boolean",
            "target": "Observation",
            "version": "1"
          }
        },
        {
          "functionalExpression": {
            "id": "3TeuDVemTkSr.Np0Imle",
            "name": "mc10:RESTING_DURATION",
            "expression": "{\"quantity.amount\":\"numeric\"}",
            "evaluator": "sdp:format-expression/evaluator/validatorjs",
            "type": "sdp:functional-expression/type/filter",
            "language": "sdp:functional-expression/language/node",
            "returnType": "sdp:functional-expression/language/node/boolean",
            "target": "Observation",
            "version": "1"
          }
        }
      ]
    },
    "tags": {
      "nodes": [
        {
          "concept": "sdp:observation/type",
          "value": {
            "name": "mc10:RESTING_DURATION"
          }
        }
      ]
    }
  },
  {
    "name": "mc10:RESTING_LEANING_POSTURE_DURATION",
    "description": "",
    "type": "sdp:dq/dimension/validity",
    "version": "1",
    "expressions": {
      "nodes": [
        {
          "functionalExpression": {
            "id": "3TeuDVeo.P0r.Np0Imle",
            "name": "mc10:RESTING_LEANING_POSTURE_DURATION",
            "expression": "{\"quantity.unit\":\"in:ucum:s\"}",
            "evaluator": "sdp:format-expression/evaluator/validatorjs",
            "type": "sdp:functional-expression/type/filter",
            "language": "sdp:functional-expression/language/node",
            "returnType": "sdp:functional-expression/language/node/boolean",
            "target": "Observation",
            "version": "1"
          }
        },
        {
          "functionalExpression": {
            "id": "3TeuDVeo.P4r.Np0Imle",
            "name": "mc10:RESTING_LEANING_POSTURE_DURATION",
            "expression": "{\"quantity.amount\":\"numeric\"}",
            "evaluator": "sdp:format-expression/evaluator/validatorjs",
            "type": "sdp:functional-expression/type/filter",
            "language": "sdp:functional-expression/language/node",
            "returnType": "sdp:functional-expression/language/node/boolean",
            "target": "Observation",
            "version": "1"
          }
        }
      ]
    },
    "tags": {
      "nodes": [
        {
          "concept": "sdp:observation/type",
          "value": {
            "name": "mc10:RESTING_LEANING_POSTURE_DURATION"
          }
        }
      ]
    }
  },
  {
    "name": "mc10:RESTING_LYING_DURATION",
    "description": "",
    "type": "sdp:dq/dimension/validity",
    "version": "1",
    "expressions": {
      "nodes": [
        {
          "functionalExpression": {
            "id": "3TeuDVeoIw0r.Np0Imle",
            "name": "mc10:RESTING_LYING_DURATION",
            "expression": "{\"quantity.unit\":\"in:ucum:s\"}",
            "evaluator": "sdp:format-expression/evaluator/validatorjs",
            "type": "sdp:functional-expression/type/filter",
            "language": "sdp:functional-expression/language/node",
            "returnType": "sdp:functional-expression/language/node/boolean",
            "target": "Observation",
            "version": "1"
          }
        },
        {
          "functionalExpression": {
            "id": "3TeuDVeoIw4r.Np0Imle",
            "name": "mc10:RESTING_LYING_DURATION",
            "expression": "{\"quantity.amount\":\"numeric\"}",
            "evaluator": "sdp:format-expression/evaluator/validatorjs",
            "type": "sdp:functional-expression/type/filter",
            "language": "sdp:functional-expression/language/node",
            "returnType": "sdp:functional-expression/language/node/boolean",
            "target": "Observation",
            "version": "1"
          }
        }
      ]
    },
    "tags": {
      "nodes": [
        {
          "concept": "sdp:observation/type",
          "value": {
            "name": "mc10:RESTING_LYING_DURATION"
          }
        }
      ]
    }
  },
  {
    "name": "mc10:RESTING_MAX_HR",
    "description": "",
    "type": "sdp:dq/dimension/validity",
    "version": "1",
    "expressions": {
      "nodes": [
        {
          "functionalExpression": {
            "id": "3TeuDVeoSh0r.Np0Imle",
            "name": "mc10:RESTING_MAX_HR",
            "expression": "{\"quantity.unit\":\"in:ucum:{beats}/min\"}",
            "evaluator": "sdp:format-expression/evaluator/validatorjs",
            "type": "sdp:functional-expression/type/filter",
            "language": "sdp:functional-expression/language/node",
            "returnType": "sdp:functional-expression/language/node/boolean",
            "target": "Observation",
            "version": "1"
          }
        },
        {
          "functionalExpression": {
            "id": "3TeuDVeoSh4r.Np0Imle",
            "name": "mc10:RESTING_MAX_HR",
            "expression": "{\"quantity.amount\":\"numeric\"}",
            "evaluator": "sdp:format-expression/evaluator/validatorjs",
            "type": "sdp:functional-expression/type/filter",
            "language": "sdp:functional-expression/language/node",
            "returnType": "sdp:functional-expression/language/node/boolean",
            "target": "Observation",
            "version": "1"
          }
        }
      ]
    },
    "tags": {
      "nodes": [
        {
          "concept": "sdp:observation/type",
          "value": {
            "name": "mc10:RESTING_MAX_HR"
          }
        }
      ]
    }
  },
  {
    "name": "mc10:RESTING_MAX_HRV",
    "description": "",
    "type": "sdp:dq/dimension/validity",
    "version": "1",
    "expressions": {
      "nodes": [
        {
          "functionalExpression": {
            "id": "3TeuDVeoSh8r.Np0Imle",
            "name": "mc10:RESTING_MAX_HRV",
            "expression": "{\"quantity.unit\":\"in:ucum:ms\"}",
            "evaluator": "sdp:format-expression/evaluator/validatorjs",
            "type": "sdp:functional-expression/type/filter",
            "language": "sdp:functional-expression/language/node",
            "returnType": "sdp:functional-expression/language/node/boolean",
            "target": "Observation",
            "version": "1"
          }
        },
        {
          "functionalExpression": {
            "id": "3TeuDVeoShCr.Np0Imle",
            "name": "mc10:RESTING_MAX_HRV",
            "expression": "{\"quantity.amount\":\"numeric\"}",
            "evaluator": "sdp:format-expression/evaluator/validatorjs",
            "type": "sdp:functional-expression/type/filter",
            "language": "sdp:functional-expression/language/node",
            "returnType": "sdp:functional-expression/language/node/boolean",
            "target": "Observation",
            "version": "1"
          }
        }
      ]
    },
    "tags": {
      "nodes": [
        {
          "concept": "sdp:observation/type",
          "value": {
            "name": "mc10:RESTING_MAX_HRV"
          }
        }
      ]
    }
  },
  {
    "name": "mc10:RESTING_MAX_HRV_RMSSD",
    "description": "",
    "type": "sdp:dq/dimension/validity",
    "version": "1",
    "expressions": {
      "nodes": [
        {
          "functionalExpression": {
            "id": "3TeuDVeobT0r.Np0Imle",
            "name": "mc10:RESTING_MAX_HRV_RMSSD",
            "expression": "{\"quantity.unit\":\"in:ucum:ms\"}",
            "evaluator": "sdp:format-expression/evaluator/validatorjs",
            "type": "sdp:functional-expression/type/filter",
            "language": "sdp:functional-expression/language/node",
            "returnType": "sdp:functional-expression/language/node/boolean",
            "target": "Observation",
            "version": "1"
          }
        },
        {
          "functionalExpression": {
            "id": "3TeuDVeobT4r.Np0Imle",
            "name": "mc10:RESTING_MAX_HRV_RMSSD",
            "expression": "{\"quantity.amount\":\"numeric\"}",
            "evaluator": "sdp:format-expression/evaluator/validatorjs",
            "type": "sdp:functional-expression/type/filter",
            "language": "sdp:functional-expression/language/node",
            "returnType": "sdp:functional-expression/language/node/boolean",
            "target": "Observation",
            "version": "1"
          }
        }
      ]
    },
    "tags": {
      "nodes": [
        {
          "concept": "sdp:observation/type",
          "value": {
            "name": "mc10:RESTING_MAX_HRV_RMSSD"
          }
        }
      ]
    }
  },
  {
    "name": "mc10:RESTING_MIN_HR",
    "description": "",
    "type": "sdp:dq/dimension/validity",
    "version": "1",
    "expressions": {
      "nodes": [
        {
          "functionalExpression": {
            "id": "3TeuDVeolE0r.Np0Imle",
            "name": "mc10:RESTING_MIN_HR",
            "expression": "{\"quantity.unit\":\"in:ucum:{beats}/min\"}",
            "evaluator": "sdp:format-expression/evaluator/validatorjs",
            "type": "sdp:functional-expression/type/filter",
            "language": "sdp:functional-expression/language/node",
            "returnType": "sdp:functional-expression/language/node/boolean",
            "target": "Observation",
            "version": "1"
          }
        },
        {
          "functionalExpression": {
            "id": "3TeuDVeolE4r.Np0Imle",
            "name": "mc10:RESTING_MIN_HR",
            "expression": "{\"quantity.amount\":\"numeric\"}",
            "evaluator": "sdp:format-expression/evaluator/validatorjs",
            "type": "sdp:functional-expression/type/filter",
            "language": "sdp:functional-expression/language/node",
            "returnType": "sdp:functional-expression/language/node/boolean",
            "target": "Observation",
            "version": "1"
          }
        }
      ]
    },
    "tags": {
      "nodes": [
        {
          "concept": "sdp:observation/type",
          "value": {
            "name": "mc10:RESTING_MIN_HR"
          }
        }
      ]
    }
  },
  {
    "name": "mc10:RESTING_MIN_HRV",
    "description": "",
    "type": "sdp:dq/dimension/validity",
    "version": "1",
    "expressions": {
      "nodes": [
        {
          "functionalExpression": {
            "id": "3TeuDVeov.0r.Np0Imle",
            "name": "mc10:RESTING_MIN_HRV",
            "expression": "{\"quantity.unit\":\"in:ucum:ms\"}",
            "evaluator": "sdp:format-expression/evaluator/validatorjs",
            "type": "sdp:functional-expression/type/filter",
            "language": "sdp:functional-expression/language/node",
            "returnType": "sdp:functional-expression/language/node/boolean",
            "target": "Observation",
            "version": "1"
          }
        },
        {
          "functionalExpression": {
            "id": "3TeuDVeov.4r.Np0Imle",
            "name": "mc10:RESTING_MIN_HRV",
            "expression": "{\"quantity.amount\":\"numeric\"}",
            "evaluator": "sdp:format-expression/evaluator/validatorjs",
            "type": "sdp:functional-expression/type/filter",
            "language": "sdp:functional-expression/language/node",
            "returnType": "sdp:functional-expression/language/node/boolean",
            "target": "Observation",
            "version": "1"
          }
        }
      ]
    },
    "tags": {
      "nodes": [
        {
          "concept": "sdp:observation/type",
          "value": {
            "name": "mc10:RESTING_MIN_HRV"
          }
        }
      ]
    }
  },
  {
    "name": "mc10:RESTING_MIN_HRV_RMSSD",
    "description": "",
    "type": "sdp:dq/dimension/validity",
    "version": "1",
    "expressions": {
      "nodes": [
        {
          "functionalExpression": {
            "id": "3TeuDVeov.8r.Np0Imle",
            "name": "mc10:RESTING_MIN_HRV_RMSSD",
            "expression": "{\"quantity.unit\":\"in:ucum:ms\"}",
            "evaluator": "sdp:format-expression/evaluator/validatorjs",
            "type": "sdp:functional-expression/type/filter",
            "language": "sdp:functional-expression/language/node",
            "returnType": "sdp:functional-expression/language/node/boolean",
            "target": "Observation",
            "version": "1"
          }
        },
        {
          "functionalExpression": {
            "id": "3TeuDVeov.Cr.Np0Imle",
            "name": "mc10:RESTING_MIN_HRV_RMSSD",
            "expression": "{\"quantity.amount\":\"numeric\"}",
            "evaluator": "sdp:format-expression/evaluator/validatorjs",
            "type": "sdp:functional-expression/type/filter",
            "language": "sdp:functional-expression/language/node",
            "returnType": "sdp:functional-expression/language/node/boolean",
            "target": "Observation",
            "version": "1"
          }
        }
      ]
    },
    "tags": {
      "nodes": [
        {
          "concept": "sdp:observation/type",
          "value": {
            "name": "mc10:RESTING_MIN_HRV_RMSSD"
          }
        }
      ]
    }
  },
  {
    "name": "mc10:RESTING_SITTING_DURATION",
    "description": "",
    "type": "sdp:dq/dimension/validity",
    "version": "1",
    "expressions": {
      "nodes": [
        {
          "functionalExpression": {
            "id": "3TeuDVep3l0r.Np0Imle",
            "name": "mc10:RESTING_SITTING_DURATION",
            "expression": "{\"quantity.unit\":\"in:ucum:s\"}",
            "evaluator": "sdp:format-expression/evaluator/validatorjs",
            "type": "sdp:functional-expression/type/filter",
            "language": "sdp:functional-expression/language/node",
            "returnType": "sdp:functional-expression/language/node/boolean",
            "target": "Observation",
            "version": "1"
          }
        },
        {
          "functionalExpression": {
            "id": "3TeuDVep3l4r.Np0Imle",
            "name": "mc10:RESTING_SITTING_DURATION",
            "expression": "{\"quantity.amount\":\"numeric\"}",
            "evaluator": "sdp:format-expression/evaluator/validatorjs",
            "type": "sdp:functional-expression/type/filter",
            "language": "sdp:functional-expression/language/node",
            "returnType": "sdp:functional-expression/language/node/boolean",
            "target": "Observation",
            "version": "1"
          }
        }
      ]
    },
    "tags": {
      "nodes": [
        {
          "concept": "sdp:observation/type",
          "value": {
            "name": "mc10:RESTING_SITTING_DURATION"
          }
        }
      ]
    }
  },
  {
    "name": "mc10:RESTING_STANDING_DURATION",
    "description": "",
    "type": "sdp:dq/dimension/validity",
    "version": "1",
    "expressions": {
      "nodes": [
        {
          "functionalExpression": {
            "id": "3TeuDVepfp0r.Np0Imle",
            "name": "mc10:RESTING_STANDING_DURATION",
            "expression": "{\"quantity.unit\":\"in:ucum:s\"}",
            "evaluator": "sdp:format-expression/evaluator/validatorjs",
            "type": "sdp:functional-expression/type/filter",
            "language": "sdp:functional-expression/language/node",
            "returnType": "sdp:functional-expression/language/node/boolean",
            "target": "Observation",
            "version": "1"
          }
        },
        {
          "functionalExpression": {
            "id": "3TeuDVeppa0r.Np0Imle",
            "name": "mc10:RESTING_STANDING_DURATION",
            "expression": "{\"quantity.amount\":\"numeric\"}",
            "evaluator": "sdp:format-expression/evaluator/validatorjs",
            "type": "sdp:functional-expression/type/filter",
            "language": "sdp:functional-expression/language/node",
            "returnType": "sdp:functional-expression/language/node/boolean",
            "target": "Observation",
            "version": "1"
          }
        }
      ]
    },
    "tags": {
      "nodes": [
        {
          "concept": "sdp:observation/type",
          "value": {
            "name": "mc10:RESTING_STANDING_DURATION"
          }
        }
      ]
    }
  },
  {
    "name": "mc10:RESTING_UPRIGHT_POSTURE_DURATION",
    "description": "",
    "type": "sdp:dq/dimension/validity",
    "version": "1",
    "expressions": {
      "nodes": [
        {
          "functionalExpression": {
            "id": "3TeuDVeqHt0r.Np0Imle",
            "name": "mc10:RESTING_UPRIGHT_POSTURE_DURATION",
            "expression": "{\"quantity.unit\":\"in:ucum:s\"}",
            "evaluator": "sdp:format-expression/evaluator/validatorjs",
            "type": "sdp:functional-expression/type/filter",
            "language": "sdp:functional-expression/language/node",
            "returnType": "sdp:functional-expression/language/node/boolean",
            "target": "Observation",
            "version": "1"
          }
        },
        {
          "functionalExpression": {
            "id": "3TeuDVeqkB0r.Np0Imle",
            "name": "mc10:RESTING_UPRIGHT_POSTURE_DURATION",
            "expression": "{\"quantity.amount\":\"numeric\"}",
            "evaluator": "sdp:format-expression/evaluator/validatorjs",
            "type": "sdp:functional-expression/type/filter",
            "language": "sdp:functional-expression/language/node",
            "returnType": "sdp:functional-expression/language/node/boolean",
            "target": "Observation",
            "version": "1"
          }
        }
      ]
    },
    "tags": {
      "nodes": [
        {
          "concept": "sdp:observation/type",
          "value": {
            "name": "mc10:RESTING_UPRIGHT_POSTURE_DURATION"
          }
        }
      ]
    }
  },
  {
    "name": "mc10:SENSOR_WEAR_DURATION",
    "description": "",
    "type": "sdp:dq/dimension/validity",
    "version": "1",
    "expressions": {
      "nodes": [
        {
          "functionalExpression": {
            "id": "3TeuDVeqtx0r.Np0Imle",
            "name": "mc10:SENSOR_WEAR_DURATION",
            "expression": "{\"quantity.unit\":\"in:ucum:s\"}",
            "evaluator": "sdp:format-expression/evaluator/validatorjs",
            "type": "sdp:functional-expression/type/filter",
            "language": "sdp:functional-expression/language/node",
            "returnType": "sdp:functional-expression/language/node/boolean",
            "target": "Observation",
            "version": "1"
          }
        },
        {
          "functionalExpression": {
            "id": "3TeuDVeqtx4r.Np0Imle",
            "name": "mc10:SENSOR_WEAR_DURATION",
            "expression": "{\"quantity.amount\":\"numeric\"}",
            "evaluator": "sdp:format-expression/evaluator/validatorjs",
            "type": "sdp:functional-expression/type/filter",
            "language": "sdp:functional-expression/language/node",
            "returnType": "sdp:functional-expression/language/node/boolean",
            "target": "Observation",
            "version": "1"
          }
        }
      ]
    },
    "tags": {
      "nodes": [
        {
          "concept": "sdp:observation/type",
          "value": {
            "name": "mc10:SENSOR_WEAR_DURATION"
          }
        }
      ]
    }
  },
  {
    "name": "mc10:SLEEPING_AVG_HR",
    "description": "",
    "type": "sdp:dq/dimension/validity",
    "version": "1",
    "expressions": {
      "nodes": [
        {
          "functionalExpression": {
            "id": "3TeuDVeqtx8r.Np0Imle",
            "name": "mc10:SLEEPING_AVG_HR",
            "expression": "{\"quantity.unit\":\"in:ucum:{beats}/min\"}",
            "evaluator": "sdp:format-expression/evaluator/validatorjs",
            "type": "sdp:functional-expression/type/filter",
            "language": "sdp:functional-expression/language/node",
            "returnType": "sdp:functional-expression/language/node/boolean",
            "target": "Observation",
            "version": "1"
          }
        },
        {
          "functionalExpression": {
            "id": "3TeuDVeqtxCr.Np0Imle",
            "name": "mc10:SLEEPING_AVG_HR",
            "expression": "{\"quantity.amount\":\"numeric|min:60|max:100\"}",
            "evaluator": "sdp:format-expression/evaluator/validatorjs",
            "type": "sdp:functional-expression/type/filter",
            "language": "sdp:functional-expression/language/node",
            "returnType": "sdp:functional-expression/language/node/boolean",
            "target": "Observation",
            "version": "1"
          }
        }
      ]
    },
    "tags": {
      "nodes": [
        {
          "concept": "sdp:observation/type",
          "value": {
            "name": "mc10:SLEEPING_AVG_HR"
          }
        }
      ]
    }
  },
  {
    "name": "mc10:SLEEPING_AVG_HRV",
    "description": "",
    "type": "sdp:dq/dimension/validity",
    "version": "1",
    "expressions": {
      "nodes": [
        {
          "functionalExpression": {
            "id": "3TeuDVerCU0r.Np0Imle",
            "name": "mc10:SLEEPING_AVG_HRV",
            "expression": "{\"quantity.unit\":\"in:ucum:ms\"}",
            "evaluator": "sdp:format-expression/evaluator/validatorjs",
            "type": "sdp:functional-expression/type/filter",
            "language": "sdp:functional-expression/language/node",
            "returnType": "sdp:functional-expression/language/node/boolean",
            "target": "Observation",
            "version": "1"
          }
        },
        {
          "functionalExpression": {
            "id": "3TeuDVerCU4r.Np0Imle",
            "name": "mc10:SLEEPING_AVG_HRV",
            "expression": "{\"quantity.amount\":\"numeric\"}",
            "evaluator": "sdp:format-expression/evaluator/validatorjs",
            "type": "sdp:functional-expression/type/filter",
            "language": "sdp:functional-expression/language/node",
            "returnType": "sdp:functional-expression/language/node/boolean",
            "target": "Observation",
            "version": "1"
          }
        }
      ]
    },
    "tags": {
      "nodes": [
        {
          "concept": "sdp:observation/type",
          "value": {
            "name": "mc10:SLEEPING_AVG_HRV"
          }
        }
      ]
    }
  },
  {
    "name": "mc10:SLEEPING_AVG_HRV_RMSSD",
    "description": "",
    "type": "sdp:dq/dimension/validity",
    "version": "1",
    "expressions": {
      "nodes": [
        {
          "functionalExpression": {
            "id": "3TeuDVerCU8r.Np0Imle",
            "name": "mc10:SLEEPING_AVG_HRV_RMSSD",
            "expression": "{\"quantity.unit\":\"in:ucum:ms\"}",
            "evaluator": "sdp:format-expression/evaluator/validatorjs",
            "type": "sdp:functional-expression/type/filter",
            "language": "sdp:functional-expression/language/node",
            "returnType": "sdp:functional-expression/language/node/boolean",
            "target": "Observation",
            "version": "1"
          }
        },
        {
          "functionalExpression": {
            "id": "3TeuDVerCUCr.Np0Imle",
            "name": "mc10:SLEEPING_AVG_HRV_RMSSD",
            "expression": "{\"quantity.amount\":\"numeric\"}",
            "evaluator": "sdp:format-expression/evaluator/validatorjs",
            "type": "sdp:functional-expression/type/filter",
            "language": "sdp:functional-expression/language/node",
            "returnType": "sdp:functional-expression/language/node/boolean",
            "target": "Observation",
            "version": "1"
          }
        }
      ]
    },
    "tags": {
      "nodes": [
        {
          "concept": "sdp:observation/type",
          "value": {
            "name": "mc10:SLEEPING_AVG_HRV_RMSSD"
          }
        }
      ]
    }
  },
  {
    "name": "mc10:SLEEPING_AVG_RESPIRATION",
    "description": "",
    "type": "sdp:dq/dimension/validity",
    "version": "1",
    "expressions": {
      "nodes": [
        {
          "functionalExpression": {
            "id": "3TeuDVerMF0r.Np0Imle",
            "name": "mc10:SLEEPING_AVG_RESPIRATION",
            "expression": "{\"quantity.unit\":\"in:ucum:{breaths}/min\"}",
            "evaluator": "sdp:format-expression/evaluator/validatorjs",
            "type": "sdp:functional-expression/type/filter",
            "language": "sdp:functional-expression/language/node",
            "returnType": "sdp:functional-expression/language/node/boolean",
            "target": "Observation",
            "version": "1"
          }
        },
        {
          "functionalExpression": {
            "id": "3TeuDVerMF4r.Np0Imle",
            "name": "mc10:SLEEPING_AVG_RESPIRATION",
            "expression": "{\"quantity.amount\":\"numeric\"}",
            "evaluator": "sdp:format-expression/evaluator/validatorjs",
            "type": "sdp:functional-expression/type/filter",
            "language": "sdp:functional-expression/language/node",
            "returnType": "sdp:functional-expression/language/node/boolean",
            "target": "Observation",
            "version": "1"
          }
        }
      ]
    },
    "tags": {
      "nodes": [
        {
          "concept": "sdp:observation/type",
          "value": {
            "name": "mc10:SLEEPING_AVG_RESPIRATION"
          }
        }
      ]
    }
  },
  {
    "name": "mc10:SLEEPING_COMBINED_ACT_COUNT",
    "description": "",
    "type": "sdp:dq/dimension/validity",
    "version": "1",
    "expressions": {
      "nodes": [
        {
          "functionalExpression": {
            "id": "3TeuDVerW00r.Np0Imle",
            "name": "mc10:SLEEPING_COMBINED_ACT_COUNT",
            "expression": "{\"quantity.unit\":\"in:ucum:{count}\"}",
            "evaluator": "sdp:format-expression/evaluator/validatorjs",
            "type": "sdp:functional-expression/type/filter",
            "language": "sdp:functional-expression/language/node",
            "returnType": "sdp:functional-expression/language/node/boolean",
            "target": "Observation",
            "version": "1"
          }
        },
        {
          "functionalExpression": {
            "id": "3TeuDVerW04r.Np0Imle",
            "name": "mc10:SLEEPING_COMBINED_ACT_COUNT",
            "expression": "{\"quantity.amount\":\"numeric\"}",
            "evaluator": "sdp:format-expression/evaluator/validatorjs",
            "type": "sdp:functional-expression/type/filter",
            "language": "sdp:functional-expression/language/node",
            "returnType": "sdp:functional-expression/language/node/boolean",
            "target": "Observation",
            "version": "1"
          }
        }
      ]
    },
    "tags": {
      "nodes": [
        {
          "concept": "sdp:observation/type",
          "value": {
            "name": "mc10:SLEEPING_COMBINED_ACT_COUNT"
          }
        }
      ]
    }
  },
  {
    "name": "mc10:SLEEPING_DURATION",
    "description": "",
    "type": "sdp:dq/dimension/validity",
    "version": "1",
    "expressions": {
      "nodes": [
        {
          "functionalExpression": {
            "id": "3TeuDVerW08r.Np0Imle",
            "name": "mc10:SLEEPING_DURATION",
            "expression": "{\"quantity.unit\":\"in:ucum:s\"}",
            "evaluator": "sdp:format-expression/evaluator/validatorjs",
            "type": "sdp:functional-expression/type/filter",
            "language": "sdp:functional-expression/language/node",
            "returnType": "sdp:functional-expression/language/node/boolean",
            "target": "Observation",
            "version": "1"
          }
        },
        {
          "functionalExpression": {
            "id": "3TeuDVerW0Cr.Np0Imle",
            "name": "mc10:SLEEPING_DURATION",
            "expression": "{\"quantity.amount\":\"numeric\"}",
            "evaluator": "sdp:format-expression/evaluator/validatorjs",
            "type": "sdp:functional-expression/type/filter",
            "language": "sdp:functional-expression/language/node",
            "returnType": "sdp:functional-expression/language/node/boolean",
            "target": "Observation",
            "version": "1"
          }
        }
      ]
    },
    "tags": {
      "nodes": [
        {
          "concept": "sdp:observation/type",
          "value": {
            "name": "mc10:SLEEPING_DURATION"
          }
        }
      ]
    }
  },
  {
    "name": "mc10:SLEEPING_MAX_HR",
    "description": "",
    "type": "sdp:dq/dimension/validity",
    "version": "1",
    "expressions": {
      "nodes": [
        {
          "functionalExpression": {
            "id": "3TeuDVerem0r.Np0Imle",
            "name": "mc10:SLEEPING_MAX_HR",
            "expression": "{\"quantity.unit\":\"in:ucum:{beats}/min\"}",
            "evaluator": "sdp:format-expression/evaluator/validatorjs",
            "type": "sdp:functional-expression/type/filter",
            "language": "sdp:functional-expression/language/node",
            "returnType": "sdp:functional-expression/language/node/boolean",
            "target": "Observation",
            "version": "1"
          }
        },
        {
          "functionalExpression": {
            "id": "3TeuDVerem4r.Np0Imle",
            "name": "mc10:SLEEPING_MAX_HR",
            "expression": "{\"quantity.amount\":\"numeric\"}",
            "evaluator": "sdp:format-expression/evaluator/validatorjs",
            "type": "sdp:functional-expression/type/filter",
            "language": "sdp:functional-expression/language/node",
            "returnType": "sdp:functional-expression/language/node/boolean",
            "target": "Observation",
            "version": "1"
          }
        }
      ]
    },
    "tags": {
      "nodes": [
        {
          "concept": "sdp:observation/type",
          "value": {
            "name": "mc10:SLEEPING_MAX_HR"
          }
        }
      ]
    }
  },
  {
    "name": "mc10:SLEEPING_MAX_HRV",
    "description": "",
    "type": "sdp:dq/dimension/validity",
    "version": "1",
    "expressions": {
      "nodes": [
        {
          "functionalExpression": {
            "id": "3TeuDVetLC0r.Np0Imle",
            "name": "mc10:SLEEPING_MAX_HRV",
            "expression": "{\"quantity.unit\":\"in:ucum:ms\"}",
            "evaluator": "sdp:format-expression/evaluator/validatorjs",
            "type": "sdp:functional-expression/type/filter",
            "language": "sdp:functional-expression/language/node",
            "returnType": "sdp:functional-expression/language/node/boolean",
            "target": "Observation",
            "version": "1"
          }
        },
        {
          "functionalExpression": {
            "id": "3TeuDVetLC4r.Np0Imle",
            "name": "mc10:SLEEPING_MAX_HRV",
            "expression": "{\"quantity.amount\":\"numeric\"}",
            "evaluator": "sdp:format-expression/evaluator/validatorjs",
            "type": "sdp:functional-expression/type/filter",
            "language": "sdp:functional-expression/language/node",
            "returnType": "sdp:functional-expression/language/node/boolean",
            "target": "Observation",
            "version": "1"
          }
        }
      ]
    },
    "tags": {
      "nodes": [
        {
          "concept": "sdp:observation/type",
          "value": {
            "name": "mc10:SLEEPING_MAX_HRV"
          }
        }
      ]
    }
  },
  {
    "name": "mc10:SLEEPING_MAX_HRV_RMSSD",
    "description": "",
    "type": "sdp:dq/dimension/validity",
    "version": "1",
    "expressions": {
      "nodes": [
        {
          "functionalExpression": {
            "id": "3TeuDVetLC8r.Np0Imle",
            "name": "mc10:SLEEPING_MAX_HRV_RMSSD",
            "expression": "{\"quantity.unit\":\"in:ucum:ms\"}",
            "evaluator": "sdp:format-expression/evaluator/validatorjs",
            "type": "sdp:functional-expression/type/filter",
            "language": "sdp:functional-expression/language/node",
            "returnType": "sdp:functional-expression/language/node/boolean",
            "target": "Observation",
            "version": "1"
          }
        },
        {
          "functionalExpression": {
            "id": "3TeuDVetLCCr.Np0Imle",
            "name": "mc10:SLEEPING_MAX_HRV_RMSSD",
            "expression": "{\"quantity.amount\":\"numeric\"}",
            "evaluator": "sdp:format-expression/evaluator/validatorjs",
            "type": "sdp:functional-expression/type/filter",
            "language": "sdp:functional-expression/language/node",
            "returnType": "sdp:functional-expression/language/node/boolean",
            "target": "Observation",
            "version": "1"
          }
        }
      ]
    },
    "tags": {
      "nodes": [
        {
          "concept": "sdp:observation/type",
          "value": {
            "name": "mc10:SLEEPING_MAX_HRV_RMSSD"
          }
        }
      ]
    }
  },
  {
    "name": "mc10:SLEEPING_MAX_RESPIRATION",
    "description": "",
    "type": "sdp:dq/dimension/validity",
    "version": "1",
    "expressions": {
      "nodes": [
        {
          "functionalExpression": {
            "id": "3TeuDVetUy0r.Np0Imle",
            "name": "mc10:SLEEPING_MAX_RESPIRATION",
            "expression": "{\"quantity.unit\":\"in:ucum:{breaths}/min\"}",
            "evaluator": "sdp:format-expression/evaluator/validatorjs",
            "type": "sdp:functional-expression/type/filter",
            "language": "sdp:functional-expression/language/node",
            "returnType": "sdp:functional-expression/language/node/boolean",
            "target": "Observation",
            "version": "1"
          }
        },
        {
          "functionalExpression": {
            "id": "3TeuDVetUy4r.Np0Imle",
            "name": "mc10:SLEEPING_MAX_RESPIRATION",
            "expression": "{\"quantity.amount\":\"numeric\"}",
            "evaluator": "sdp:format-expression/evaluator/validatorjs",
            "type": "sdp:functional-expression/type/filter",
            "language": "sdp:functional-expression/language/node",
            "returnType": "sdp:functional-expression/language/node/boolean",
            "target": "Observation",
            "version": "1"
          }
        }
      ]
    },
    "tags": {
      "nodes": [
        {
          "concept": "sdp:observation/type",
          "value": {
            "name": "mc10:SLEEPING_MAX_RESPIRATION"
          }
        }
      ]
    }
  },
  {
    "name": "mc10:SLEEPING_MIN_HR",
    "description": "",
    "type": "sdp:dq/dimension/validity",
    "version": "1",
    "expressions": {
      "nodes": [
        {
          "functionalExpression": {
            "id": "3TeuDVetdj0r.Np0Imle",
            "name": "mc10:SLEEPING_MIN_HR",
            "expression": "{\"quantity.unit\":\"in:ucum:{beats}/min\"}",
            "evaluator": "sdp:format-expression/evaluator/validatorjs",
            "type": "sdp:functional-expression/type/filter",
            "language": "sdp:functional-expression/language/node",
            "returnType": "sdp:functional-expression/language/node/boolean",
            "target": "Observation",
            "version": "1"
          }
        },
        {
          "functionalExpression": {
            "id": "3TeuDVetdj4r.Np0Imle",
            "name": "mc10:SLEEPING_MIN_HR",
            "expression": "{\"quantity.amount\":\"numeric\"}",
            "evaluator": "sdp:format-expression/evaluator/validatorjs",
            "type": "sdp:functional-expression/type/filter",
            "language": "sdp:functional-expression/language/node",
            "returnType": "sdp:functional-expression/language/node/boolean",
            "target": "Observation",
            "version": "1"
          }
        }
      ]
    },
    "tags": {
      "nodes": [
        {
          "concept": "sdp:observation/type",
          "value": {
            "name": "mc10:SLEEPING_MIN_HR"
          }
        }
      ]
    }
  },
  {
    "name": "mc10:SLEEPING_MIN_HRV",
    "description": "",
    "type": "sdp:dq/dimension/validity",
    "version": "1",
    "expressions": {
      "nodes": [
        {
          "functionalExpression": {
            "id": "3TeuDVeurr0r.Np0Imle",
            "name": "mc10:SLEEPING_MIN_HRV",
            "expression": "{\"quantity.unit\":\"in:ucum:ms\"}",
            "evaluator": "sdp:format-expression/evaluator/validatorjs",
            "type": "sdp:functional-expression/type/filter",
            "language": "sdp:functional-expression/language/node",
            "returnType": "sdp:functional-expression/language/node/boolean",
            "target": "Observation",
            "version": "1"
          }
        },
        {
          "functionalExpression": {
            "id": "3TeuDVeurr4r.Np0Imle",
            "name": "mc10:SLEEPING_MIN_HRV",
            "expression": "{\"quantity.amount\":\"numeric\"}",
            "evaluator": "sdp:format-expression/evaluator/validatorjs",
            "type": "sdp:functional-expression/type/filter",
            "language": "sdp:functional-expression/language/node",
            "returnType": "sdp:functional-expression/language/node/boolean",
            "target": "Observation",
            "version": "1"
          }
        }
      ]
    },
    "tags": {
      "nodes": [
        {
          "concept": "sdp:observation/type",
          "value": {
            "name": "mc10:SLEEPING_MIN_HRV"
          }
        }
      ]
    }
  },
  {
    "name": "mc10:SLEEPING_MIN_HRV_RMSSD",
    "description": "",
    "type": "sdp:dq/dimension/validity",
    "version": "1",
    "expressions": {
      "nodes": [
        {
          "functionalExpression": {
            "id": "3TeuDVevwD0r.Np0Imle",
            "name": "mc10:SLEEPING_MIN_HRV_RMSSD",
            "expression": "{\"quantity.unit\":\"in:ucum:ms\"}",
            "evaluator": "sdp:format-expression/evaluator/validatorjs",
            "type": "sdp:functional-expression/type/filter",
            "language": "sdp:functional-expression/language/node",
            "returnType": "sdp:functional-expression/language/node/boolean",
            "target": "Observation",
            "version": "1"
          }
        },
        {
          "functionalExpression": {
            "id": "3TeuDVevwD4r.Np0Imle",
            "name": "mc10:SLEEPING_MIN_HRV_RMSSD",
            "expression": "{\"quantity.amount\":\"numeric\"}",
            "evaluator": "sdp:format-expression/evaluator/validatorjs",
            "type": "sdp:functional-expression/type/filter",
            "language": "sdp:functional-expression/language/node",
            "returnType": "sdp:functional-expression/language/node/boolean",
            "target": "Observation",
            "version": "1"
          }
        }
      ]
    },
    "tags": {
      "nodes": [
        {
          "concept": "sdp:observation/type",
          "value": {
            "name": "mc10:SLEEPING_MIN_HRV_RMSSD"
          }
        }
      ]
    }
  },
  {
    "name": "mc10:SLEEPING_MIN_RESPIRATION",
    "description": "",
    "type": "sdp:dq/dimension/validity",
    "version": "1",
    "expressions": {
      "nodes": [
        {
          "functionalExpression": {
            "id": "3TeuDVew4z0r.Np0Imle",
            "name": "mc10:SLEEPING_MIN_RESPIRATION",
            "expression": "{\"quantity.unit\":\"in:ucum:{breaths}/min\"}",
            "evaluator": "sdp:format-expression/evaluator/validatorjs",
            "type": "sdp:functional-expression/type/filter",
            "language": "sdp:functional-expression/language/node",
            "returnType": "sdp:functional-expression/language/node/boolean",
            "target": "Observation",
            "version": "1"
          }
        },
        {
          "functionalExpression": {
            "id": "3TeuDVew4z4r.Np0Imle",
            "name": "mc10:SLEEPING_MIN_RESPIRATION",
            "expression": "{\"quantity.amount\":\"numeric\"}",
            "evaluator": "sdp:format-expression/evaluator/validatorjs",
            "type": "sdp:functional-expression/type/filter",
            "language": "sdp:functional-expression/language/node",
            "returnType": "sdp:functional-expression/language/node/boolean",
            "target": "Observation",
            "version": "1"
          }
        }
      ]
    },
    "tags": {
      "nodes": [
        {
          "concept": "sdp:observation/type",
          "value": {
            "name": "mc10:SLEEPING_MIN_RESPIRATION"
          }
        }
      ]
    }
  },
  {
    "name": "mc10:SLEEPING_ONSET_TS",
    "description": "",
    "type": "sdp:dq/dimension/validity",
    "version": "1",
    "expressions": {
      "nodes": [
        {
          "functionalExpression": {
            "id": "3TeuDVewEk0r.Np0Imle",
            "name": "mc10:SLEEPING_ONSET_TS",
            "expression": "{\"quantity.unit\":\"string\"}",
            "evaluator": "sdp:format-expression/evaluator/validatorjs",
            "type": "sdp:functional-expression/type/filter",
            "language": "sdp:functional-expression/language/node",
            "returnType": "sdp:functional-expression/language/node/boolean",
            "target": "Observation",
            "version": "1"
          }
        },
        {
          "functionalExpression": {
            "id": "3TeuDVewEk4r.Np0Imle",
            "name": "mc10:SLEEPING_ONSET_TS",
            "expression": "{\"quantity.amount\":\"numeric\"}",
            "evaluator": "sdp:format-expression/evaluator/validatorjs",
            "type": "sdp:functional-expression/type/filter",
            "language": "sdp:functional-expression/language/node",
            "returnType": "sdp:functional-expression/language/node/boolean",
            "target": "Observation",
            "version": "1"
          }
        }
      ]
    },
    "tags": {
      "nodes": [
        {
          "concept": "sdp:observation/type",
          "value": {
            "name": "mc10:SLEEPING_ONSET_TS"
          }
        }
      ]
    }
  },
  {
    "name": "mc10:SLEEPING_POSTURE_TRANSITIONS",
    "description": "",
    "type": "sdp:dq/dimension/validity",
    "version": "1",
    "expressions": {
      "nodes": [
        {
          "functionalExpression": {
            "id": "3TeuDVewOW0r.Np0Imle",
            "name": "mc10:SLEEPING_POSTURE_TRANSITIONS",
            "expression": "{\"quantity.unit\":\"in:ucum:{count}\"}",
            "evaluator": "sdp:format-expression/evaluator/validatorjs",
            "type": "sdp:functional-expression/type/filter",
            "language": "sdp:functional-expression/language/node",
            "returnType": "sdp:functional-expression/language/node/boolean",
            "target": "Observation",
            "version": "1"
          }
        },
        {
          "functionalExpression": {
            "id": "3TeuDVewOW4r.Np0Imle",
            "name": "mc10:SLEEPING_POSTURE_TRANSITIONS",
            "expression": "{\"quantity.amount\":\"numeric\"}",
            "evaluator": "sdp:format-expression/evaluator/validatorjs",
            "type": "sdp:functional-expression/type/filter",
            "language": "sdp:functional-expression/language/node",
            "returnType": "sdp:functional-expression/language/node/boolean",
            "target": "Observation",
            "version": "1"
          }
        }
      ]
    },
    "tags": {
      "nodes": [
        {
          "concept": "sdp:observation/type",
          "value": {
            "name": "mc10:SLEEPING_POSTURE_TRANSITIONS"
          }
        }
      ]
    }
  },
  {
    "name": "mc10:SLEEPING_WAKE_TS",
    "description": "",
    "type": "sdp:dq/dimension/validity",
    "version": "1",
    "expressions": {
      "nodes": [
        {
          "functionalExpression": {
            "id": "3TeuDVewOW8r.Np0Imle",
            "name": "mc10:SLEEPING_WAKE_TS",
            "expression": "{\"quantity.unit\":\"string\"}",
            "evaluator": "sdp:format-expression/evaluator/validatorjs",
            "type": "sdp:functional-expression/type/filter",
            "language": "sdp:functional-expression/language/node",
            "returnType": "sdp:functional-expression/language/node/boolean",
            "target": "Observation",
            "version": "1"
          }
        },
        {
          "functionalExpression": {
            "id": "3TeuDVewOWCr.Np0Imle",
            "name": "mc10:SLEEPING_WAKE_TS",
            "expression": "{\"quantity.amount\":\"numeric\"}",
            "evaluator": "sdp:format-expression/evaluator/validatorjs",
            "type": "sdp:functional-expression/type/filter",
            "language": "sdp:functional-expression/language/node",
            "returnType": "sdp:functional-expression/language/node/boolean",
            "target": "Observation",
            "version": "1"
          }
        }
      ]
    },
    "tags": {
      "nodes": [
        {
          "concept": "sdp:observation/type",
          "value": {
            "name": "mc10:SLEEPING_WAKE_TS"
          }
        }
      ]
    }
  },
  {
    "name": "mc10:HEART_RATE",
    "description": "",
    "type": "sdp:dq/dimension/validity",
    "version": "1",
    "expressions": {
      "nodes": [
        {
          "functionalExpression": {
            "id": "3TeuDVewYH0r.Np0Imle",
            "name": "mc10:HEART_RATE",
            "expression": "{\"quantity.unit\":\"in:ucum:{beats}/min\"}",
            "evaluator": "sdp:format-expression/evaluator/validatorjs",
            "type": "sdp:functional-expression/type/filter",
            "language": "sdp:functional-expression/language/node",
            "returnType": "sdp:functional-expression/language/node/boolean",
            "target": "Observation",
            "version": "1"
          }
        },
        {
          "functionalExpression": {
            "id": "3TeuDVewYH4r.Np0Imle",
            "name": "mc10:HEART_RATE",
            "expression": "{\"quantity.amount\":\"numeric\"}",
            "evaluator": "sdp:format-expression/evaluator/validatorjs",
            "type": "sdp:functional-expression/type/filter",
            "language": "sdp:functional-expression/language/node",
            "returnType": "sdp:functional-expression/language/node/boolean",
            "target": "Observation",
            "version": "1"
          }
        }
      ]
    },
    "tags": {
      "nodes": [
        {
          "concept": "sdp:observation/type",
          "value": {
            "name": "mc10:HEART_RATE"
          }
        }
      ]
    }
  },
  {
    "name": "mc10:RESTING_POSTURE",
    "description": "",
    "type": "sdp:dq/dimension/validity",
    "version": "1",
    "expressions": {
      "nodes": [
        {
          "functionalExpression": {
            "id": "3TeuDVewh20r.Np0Imle",
            "name": "mc10:RESTING_POSTURE",
            "expression": "{\"quantity.unit\":\"string\"}",
            "evaluator": "sdp:format-expression/evaluator/validatorjs",
            "type": "sdp:functional-expression/type/filter",
            "language": "sdp:functional-expression/language/node",
            "returnType": "sdp:functional-expression/language/node/boolean",
            "target": "Observation",
            "version": "1"
          }
        },
        {
          "functionalExpression": {
            "id": "3TeuDVewh24r.Np0Imle",
            "name": "mc10:RESTING_POSTURE",
            "expression": "{\"quantity.amount\":\"numeric\"}",
            "evaluator": "sdp:format-expression/evaluator/validatorjs",
            "type": "sdp:functional-expression/type/filter",
            "language": "sdp:functional-expression/language/node",
            "returnType": "sdp:functional-expression/language/node/boolean",
            "target": "Observation",
            "version": "1"
          }
        }
      ]
    },
    "tags": {
      "nodes": [
        {
          "concept": "sdp:observation/type",
          "value": {
            "name": "mc10:RESTING_POSTURE"
          }
        }
      ]
    }
  },
  {
    "name": "mc10:HRV",
    "description": "",
    "type": "sdp:dq/dimension/validity",
    "version": "1",
    "expressions": {
      "nodes": [
        {
          "functionalExpression": {
            "id": "3TeuDVewqo0r.Np0Imle",
            "name": "mc10:HRV",
            "expression": "{\"quantity.unit\":\"in:ucum:ms\"}",
            "evaluator": "sdp:format-expression/evaluator/validatorjs",
            "type": "sdp:functional-expression/type/filter",
            "language": "sdp:functional-expression/language/node",
            "returnType": "sdp:functional-expression/language/node/boolean",
            "target": "Observation",
            "version": "1"
          }
        },
        {
          "functionalExpression": {
            "id": "3TeuDVewqo4r.Np0Imle",
            "name": "mc10:HRV",
            "expression": "{\"quantity.amount\":\"numeric\"}",
            "evaluator": "sdp:format-expression/evaluator/validatorjs",
            "type": "sdp:functional-expression/type/filter",
            "language": "sdp:functional-expression/language/node",
            "returnType": "sdp:functional-expression/language/node/boolean",
            "target": "Observation",
            "version": "1"
          }
        }
      ]
    },
    "tags": {
      "nodes": [
        {
          "concept": "sdp:observation/type",
          "value": {
            "name": "mc10:HRV"
          }
        }
      ]
    }
  },
  {
    "name": "mc10:SLEEPING_POSTURE",
    "description": "",
    "type": "sdp:dq/dimension/validity",
    "version": "1",
    "expressions": {
      "nodes": [
        {
          "functionalExpression": {
            "id": "3TeuDVexbd0r.Np0Imle",
            "name": "mc10:SLEEPING_POSTURE",
            "expression": "{\"quantity.unit\":\"string\"}",
            "evaluator": "sdp:format-expression/evaluator/validatorjs",
            "type": "sdp:functional-expression/type/filter",
            "language": "sdp:functional-expression/language/node",
            "returnType": "sdp:functional-expression/language/node/boolean",
            "target": "Observation",
            "version": "1"
          }
        },
        {
          "functionalExpression": {
            "id": "3TeuDVexlP0r.Np0Imle",
            "name": "mc10:SLEEPING_POSTURE",
            "expression": "{\"quantity.amount\":\"numeric\"}",
            "evaluator": "sdp:format-expression/evaluator/validatorjs",
            "type": "sdp:functional-expression/type/filter",
            "language": "sdp:functional-expression/language/node",
            "returnType": "sdp:functional-expression/language/node/boolean",
            "target": "Observation",
            "version": "1"
          }
        }
      ]
    },
    "tags": {
      "nodes": [
        {
          "concept": "sdp:observation/type",
          "value": {
            "name": "mc10:SLEEPING_POSTURE"
          }
        }
      ]
    }
  },
  {
    "name": "mc10:FREQUENCY_HRV_RATIO",
    "description": "",
    "type": "sdp:dq/dimension/validity",
    "version": "1",
    "expressions": {
      "nodes": [
        {
          "functionalExpression": {
            "id": "3TeuDVey3w0r.Np0Imle",
            "name": "mc10:FREQUENCY_HRV_RATIO",
            "expression": "{\"quantity.unit\":\"in:\"}",
            "evaluator": "sdp:format-expression/evaluator/validatorjs",
            "type": "sdp:functional-expression/type/filter",
            "language": "sdp:functional-expression/language/node",
            "returnType": "sdp:functional-expression/language/node/boolean",
            "target": "Observation",
            "version": "1"
          }
        },
        {
          "functionalExpression": {
            "id": "3TeuDVeypl0r.Np0Imle",
            "name": "mc10:FREQUENCY_HRV_RATIO",
            "expression": "{\"quantity.amount\":\"numeric\"}",
            "evaluator": "sdp:format-expression/evaluator/validatorjs",
            "type": "sdp:functional-expression/type/filter",
            "language": "sdp:functional-expression/language/node",
            "returnType": "sdp:functional-expression/language/node/boolean",
            "target": "Observation",
            "version": "1"
          }
        }
      ]
    },
    "tags": {
      "nodes": [
        {
          "concept": "sdp:observation/type",
          "value": {
            "name": "mc10:FREQUENCY_HRV_RATIO"
          }
        }
      ]
    }
  },
  {
    "name": "mc10:SLEEPING_RESPIRATION",
    "description": "",
    "type": "sdp:dq/dimension/validity",
    "version": "1",
    "expressions": {
      "nodes": [
        {
          "functionalExpression": {
            "id": "3TeuDVeyzX0r.Np0Imle",
            "name": "mc10:SLEEPING_RESPIRATION",
            "expression": "{\"quantity.unit\":\"string\"}",
            "evaluator": "sdp:format-expression/evaluator/validatorjs",
            "type": "sdp:functional-expression/type/filter",
            "language": "sdp:functional-expression/language/node",
            "returnType": "sdp:functional-expression/language/node/boolean",
            "target": "Observation",
            "version": "1"
          }
        },
        {
          "functionalExpression": {
            "id": "3TeuDVeyzX4r.Np0Imle",
            "name": "mc10:SLEEPING_RESPIRATION",
            "expression": "{\"quantity.amount\":\"numeric\"}",
            "evaluator": "sdp:format-expression/evaluator/validatorjs",
            "type": "sdp:functional-expression/type/filter",
            "language": "sdp:functional-expression/language/node",
            "returnType": "sdp:functional-expression/language/node/boolean",
            "target": "Observation",
            "version": "1"
          }
        }
      ]
    },
    "tags": {
      "nodes": [
        {
          "concept": "sdp:observation/type",
          "value": {
            "name": "mc10:SLEEPING_RESPIRATION"
          }
        }
      ]
    }
  },
  {
    "name": "mc10:STEPS",
    "description": "",
    "type": "sdp:dq/dimension/validity",
    "version": "1",
    "expressions": {
      "nodes": [
        {
          "functionalExpression": {
            "id": "3TeuDVez8I0r.Np0Imle",
            "name": "mc10:STEPS",
            "expression": "{\"quantity.unit\":\"in:ucum:{count}\"}",
            "evaluator": "sdp:format-expression/evaluator/validatorjs",
            "type": "sdp:functional-expression/type/filter",
            "language": "sdp:functional-expression/language/node",
            "returnType": "sdp:functional-expression/language/node/boolean",
            "target": "Observation",
            "version": "1"
          }
        },
        {
          "functionalExpression": {
            "id": "3TeuDVez8I4r.Np0Imle",
            "name": "mc10:STEPS",
            "expression": "{\"quantity.amount\":\"numeric\"}",
            "evaluator": "sdp:format-expression/evaluator/validatorjs",
            "type": "sdp:functional-expression/type/filter",
            "language": "sdp:functional-expression/language/node",
            "returnType": "sdp:functional-expression/language/node/boolean",
            "target": "Observation",
            "version": "1"
          }
        }
      ]
    },
    "tags": {
      "nodes": [
        {
          "concept": "sdp:observation/type",
          "value": {
            "name": "mc10:STEPS"
          }
        }
      ]
    }
  },
  {
    "name": "mc10:ACTIVITY",
    "description": "",
    "type": "sdp:dq/dimension/validity",
    "version": "1",
    "expressions": {
      "nodes": [
        {
          "functionalExpression": {
            "id": "3TeuDVezI30r.Np0Imle",
            "name": "mc10:ACTIVITY",
            "expression": "{\"quantity.unit\":\"string\"}",
            "evaluator": "sdp:format-expression/evaluator/validatorjs",
            "type": "sdp:functional-expression/type/filter",
            "language": "sdp:functional-expression/language/node",
            "returnType": "sdp:functional-expression/language/node/boolean",
            "target": "Observation",
            "version": "1"
          }
        },
        {
          "functionalExpression": {
            "id": "3TeuDVezI34r.Np0Imle",
            "name": "mc10:ACTIVITY",
            "expression": "{\"quantity.amount\":\"string\"}",
            "evaluator": "sdp:format-expression/evaluator/validatorjs",
            "type": "sdp:functional-expression/type/filter",
            "language": "sdp:functional-expression/language/node",
            "returnType": "sdp:functional-expression/language/node/boolean",
            "target": "Observation",
            "version": "1"
          }
        }
      ]
    },
    "tags": {
      "nodes": [
        {
          "concept": "sdp:observation/type",
          "value": {
            "name": "mc10:ACTIVITY"
          }
        }
      ]
    }
  },
  {
    "name": "mc10:COMBINED_ACT_COUNT",
    "description": "",
    "type": "sdp:dq/dimension/validity",
    "version": "1",
    "expressions": {
      "nodes": [
        {
          "functionalExpression": {
            "id": "3TeuDVezI38r.Np0Imle",
            "name": "mc10:COMBINED_ACT_COUNT",
            "expression": "{\"quantity.unit\":\"in:ucum:{count}\"}",
            "evaluator": "sdp:format-expression/evaluator/validatorjs",
            "type": "sdp:functional-expression/type/filter",
            "language": "sdp:functional-expression/language/node",
            "returnType": "sdp:functional-expression/language/node/boolean",
            "target": "Observation",
            "version": "1"
          }
        },
        {
          "functionalExpression": {
            "id": "3TeuDVezI3Cr.Np0Imle",
            "name": "mc10:COMBINED_ACT_COUNT",
            "expression": "{\"quantity.amount\":\"numeric\"}",
            "evaluator": "sdp:format-expression/evaluator/validatorjs",
            "type": "sdp:functional-expression/type/filter",
            "language": "sdp:functional-expression/language/node",
            "returnType": "sdp:functional-expression/language/node/boolean",
            "target": "Observation",
            "version": "1"
          }
        }
      ]
    },
    "tags": {
      "nodes": [
        {
          "concept": "sdp:observation/type",
          "value": {
            "name": "mc10:COMBINED_ACT_COUNT"
          }
        }
      ]
    }
  }
]